REGION TYPE,REGION,YEAR,WEEK,% WEIGHTED ILI,%UNWEIGHTED ILI,AGE 0-4,AGE 25-49,AGE 25-64,AGE 5-24,AGE 50-64,AGE 65,ILITOTAL,NUM. OF PROVIDERS,TOTAL PATIENTS
States,Oklahoma,2010,40,X,0.624179,X,X,X,X,X,X,19,17,3044
States,Oklahoma,2010,41,X,0.958678,X,X,X,X,X,X,29,17,3025
States,Oklahoma,2010,42,X,2.07039,X,X,X,X,X,X,70,18,3381
States,Oklahoma,2010,43,X,1.67073,X,X,X,X,X,X,48,18,2873
States,Oklahoma,2010,44,X,1.62845,X,X,X,X,X,X,49,15,3009
States,Oklahoma,2010,45,X,2.57453,X,X,X,X,X,X,76,16,2952
States,Oklahoma,2010,46,X,3.35068,X,X,X,X,X,X,103,16,3074
States,Oklahoma,2010,47,X,2.6523,X,X,X,X,X,X,64,16,2413
States,Oklahoma,2010,48,X,2.14477,X,X,X,X,X,X,64,16,2984
States,Oklahoma,2010,49,X,2.33623,X,X,X,X,X,X,51,15,2183
States,Oklahoma,2010,50,X,3.40386,X,X,X,X,X,X,111,17,3261
States,Oklahoma,2010,51,X,4.09441,X,X,X,X,X,X,85,17,2076
States,Oklahoma,2010,52,X,4.9101,X,X,X,X,X,X,142,17,2892
States,Oklahoma,2011,1,X,3.02847,X,X,X,X,X,X,100,17,3302
States,Oklahoma,2011,2,X,5.76184,X,X,X,X,X,X,180,18,3124
States,Oklahoma,2011,3,X,10.3386,X,X,X,X,X,X,345,15,3337
States,Oklahoma,2011,4,X,14.4065,X,X,X,X,X,X,511,15,3547
States,Oklahoma,2011,5,X,12.8354,X,X,X,X,X,X,287,17,2236
States,Oklahoma,2011,6,X,7.32127,X,X,X,X,X,X,170,14,2322
States,Oklahoma,2011,7,X,7.16321,X,X,X,X,X,X,176,17,2457
States,Oklahoma,2011,8,X,5.65058,X,X,X,X,X,X,185,17,3274
States,Oklahoma,2011,9,X,4.77424,X,X,X,X,X,X,129,15,2702
States,Oklahoma,2011,10,X,3.57379,X,X,X,X,X,X,108,15,3022
States,Oklahoma,2011,11,X,3.2034,X,X,X,X,X,X,83,15,2591
States,Oklahoma,2011,12,X,1.86879,X,X,X,X,X,X,47,16,2515
States,Oklahoma,2011,13,X,1.21359,X,X,X,X,X,X,25,16,2060
States,Oklahoma,2011,14,X,1.56685,X,X,X,X,X,X,45,16,2872
States,Oklahoma,2011,15,X,0.674252,X,X,X,X,X,X,16,16,2373
States,Oklahoma,2011,16,X,0.592969,X,X,X,X,X,X,14,14,2361
States,Oklahoma,2011,17,X,0.293686,X,X,X,X,X,X,8,17,2724
States,Oklahoma,2011,18,X,0.310421,X,X,X,X,X,X,7,15,2255
States,Oklahoma,2011,19,X,0.387973,X,X,X,X,X,X,8,16,2062
States,Oklahoma,2011,20,X,0.215703,X,X,X,X,X,X,5,16,2318
States,Oklahoma,2011,21,X,0.229226,X,X,X,X,X,X,4,16,1745
States,Oklahoma,2011,22,X,0.047824,X,X,X,X,X,X,1,15,2091
States,Oklahoma,2011,23,X,0.195886,X,X,X,X,X,X,4,15,2042
States,Oklahoma,2011,24,X,0.297619,X,X,X,X,X,X,5,13,1680
States,Oklahoma,2011,25,X,0,X,X,X,X,X,X,0,15,2048
States,Oklahoma,2011,26,X,0.175336,X,X,X,X,X,X,3,15,1711
States,Oklahoma,2011,27,X,0.172414,X,X,X,X,X,X,3,15,1740
States,Oklahoma,2011,28,X,0.106157,X,X,X,X,X,X,2,14,1884
States,Oklahoma,2011,29,X,0.102934,X,X,X,X,X,X,2,15,1943
States,Oklahoma,2011,30,X,0.101317,X,X,X,X,X,X,2,15,1974
States,Oklahoma,2011,31,X,0.0507099,X,X,X,X,X,X,1,12,1972
States,Oklahoma,2011,32,0,0,X,X,X,X,X,X,0,0,0
States,Oklahoma,2011,33,X,0.30722,X,X,X,X,X,X,6,15,1953
States,Oklahoma,2011,34,X,0.326397,X,X,X,X,X,X,8,16,2451
States,Oklahoma,2011,35,X,0.285225,X,X,X,X,X,X,5,16,1753
States,Oklahoma,2011,36,X,0.40783,X,X,X,X,X,X,10,17,2452
States,Oklahoma,2011,37,X,0.865426,X,X,X,X,X,X,20,17,2311
States,Oklahoma,2011,38,X,0.316313,X,X,X,X,X,X,7,16,2213
States,Oklahoma,2011,39,X,0.625782,X,X,X,X,X,X,10,14,1598
States,Oklahoma,2011,40,X,1.56483,X,X,X,X,X,X,42,19,2684
States,Oklahoma,2011,41,X,1.04128,X,X,X,X,X,X,28,18,2689
States,Oklahoma,2011,42,X,1.2191,X,X,X,X,X,X,36,20,2953
States,Oklahoma,2011,43,X,0.785855,X,X,X,X,X,X,16,16,2036
States,Oklahoma,2011,44,X,1.14192,X,X,X,X,X,X,28,19,2452
States,Oklahoma,2011,45,X,1.6163,X,X,X,X,X,X,23,12,1423
States,Oklahoma,2011,46,X,2.19328,X,X,X,X,X,X,64,18,2918
States,Oklahoma,2011,47,X,1.00604,X,X,X,X,X,X,15,17,1491
States,Oklahoma,2011,48,X,2.05744,X,X,X,X,X,X,48,17,2333
States,Oklahoma,2011,49,X,1.68188,X,X,X,X,X,X,35,17,2081
States,Oklahoma,2011,50,X,0.958606,X,X,X,X,X,X,22,17,2295
States,Oklahoma,2011,51,X,1.4556,X,X,X,X,X,X,20,18,1374
States,Oklahoma,2011,52,X,1.26582,X,X,X,X,X,X,13,15,1027
States,Oklahoma,2012,1,X,1.75579,X,X,X,X,X,X,44,18,2506
States,Oklahoma,2012,2,X,1.22227,X,X,X,X,X,X,27,16,2209
States,Oklahoma,2012,3,X,1.18125,X,X,X,X,X,X,32,17,2709
States,Oklahoma,2012,4,X,3.34881,X,X,X,X,X,X,137,20,4091
States,Oklahoma,2012,5,X,3.20573,X,X,X,X,X,X,103,17,3213
States,Oklahoma,2012,6,X,3.14499,X,X,X,X,X,X,118,20,3752
States,Oklahoma,2012,7,X,4.30293,X,X,X,X,X,X,175,19,4067
States,Oklahoma,2012,8,X,5.80408,X,X,X,X,X,X,253,20,4359
States,Oklahoma,2012,9,X,6.02966,X,X,X,X,X,X,248,18,4113
States,Oklahoma,2012,10,X,6.85728,X,X,X,X,X,X,295,19,4302
States,Oklahoma,2012,11,X,8.18255,X,X,X,X,X,X,303,17,3703
States,Oklahoma,2012,12,X,3.92518,X,X,X,X,X,X,128,19,3261
States,Oklahoma,2012,13,X,2.28607,X,X,X,X,X,X,74,17,3237
States,Oklahoma,2012,14,X,1.98482,X,X,X,X,X,X,68,16,3426
States,Oklahoma,2012,15,X,1.07081,X,X,X,X,X,X,31,18,2895
States,Oklahoma,2012,16,X,1.72618,X,X,X,X,X,X,73,21,4229
States,Oklahoma,2012,17,X,2.0202,X,X,X,X,X,X,60,17,2970
States,Oklahoma,2012,18,X,1.32064,X,X,X,X,X,X,43,17,3256
States,Oklahoma,2012,19,X,1.64096,X,X,X,X,X,X,50,16,3047
States,Oklahoma,2012,20,X,0.443262,X,X,X,X,X,X,15,17,3384
States,Oklahoma,2012,21,X,1.50404,X,X,X,X,X,X,41,15,2726
States,Oklahoma,2012,22,X,0.356189,X,X,X,X,X,X,8,17,2246
States,Oklahoma,2012,23,X,1.11607,X,X,X,X,X,X,40,18,3584
States,Oklahoma,2012,24,X,0.195122,X,X,X,X,X,X,4,14,2050
States,Oklahoma,2012,25,X,1.45081,X,X,X,X,X,X,41,17,2826
States,Oklahoma,2012,26,X,0.801974,X,X,X,X,X,X,26,17,3242
States,Oklahoma,2012,27,X,0.834671,X,X,X,X,X,X,26,17,3115
States,Oklahoma,2012,28,X,0.902201,X,X,X,X,X,X,25,15,2771
States,Oklahoma,2012,29,X,0,X,X,X,X,X,X,0,15,1705
States,Oklahoma,2012,30,X,0.315209,X,X,X,X,X,X,8,16,2538
States,Oklahoma,2012,31,X,0.407095,X,X,X,X,X,X,14,18,3439
States,Oklahoma,2012,32,X,0,X,X,X,X,X,X,0,17,2784
States,Oklahoma,2012,33,X,0.0329056,X,X,X,X,X,X,1,15,3039
States,Oklahoma,2012,34,X,1.32582,X,X,X,X,X,X,40,16,3017
States,Oklahoma,2012,35,X,1.33156,X,X,X,X,X,X,40,16,3004
States,Oklahoma,2012,36,X,1.95429,X,X,X,X,X,X,59,19,3019
States,Oklahoma,2012,37,X,1.35613,X,X,X,X,X,X,46,15,3392
States,Oklahoma,2012,38,X,0.667976,X,X,X,X,X,X,17,15,2545
States,Oklahoma,2012,39,X,1.88631,X,X,X,X,X,X,74,18,3923
States,Oklahoma,2012,40,X,1.79942,X,X,X,X,X,X,75,17,4168
States,Oklahoma,2012,41,X,2.38773,X,X,X,X,X,X,109,20,4565
States,Oklahoma,2012,42,X,1.23648,X,X,X,X,X,X,56,20,4529
States,Oklahoma,2012,43,X,1.80451,X,X,X,X,X,X,72,18,3990
States,Oklahoma,2012,44,X,1.68478,X,X,X,X,X,X,62,18,3680
States,Oklahoma,2012,45,X,1.76421,X,X,X,X,X,X,63,18,3571
States,Oklahoma,2012,46,X,1.68627,X,X,X,X,X,X,43,14,2550
States,Oklahoma,2012,47,X,1.95848,X,X,X,X,X,X,50,18,2553
States,Oklahoma,2012,48,X,2.77162,X,X,X,X,X,X,125,19,4510
States,Oklahoma,2012,49,X,3.04892,X,X,X,X,X,X,134,18,4395
States,Oklahoma,2012,50,X,4.37184,X,X,X,X,X,X,190,19,4346
States,Oklahoma,2012,51,X,4.44115,X,X,X,X,X,X,120,19,2702
States,Oklahoma,2012,52,X,10.4434,X,X,X,X,X,X,285,21,2729
States,Oklahoma,2013,1,X,7.87562,X,X,X,X,X,X,271,19,3441
States,Oklahoma,2013,2,X,8.43243,X,X,X,X,X,X,390,19,4625
States,Oklahoma,2013,3,X,9.74255,X,X,X,X,X,X,386,19,3962
States,Oklahoma,2013,4,X,8.25726,X,X,X,X,X,X,398,20,4820
States,Oklahoma,2013,5,X,8.98551,X,X,X,X,X,X,403,20,4485
States,Oklahoma,2013,6,X,5.18067,X,X,X,X,X,X,238,20,4594
States,Oklahoma,2013,7,X,4.9334,X,X,X,X,X,X,200,21,4054
States,Oklahoma,2013,8,X,4.83708,X,X,X,X,X,X,144,19,2977
States,Oklahoma,2013,9,X,4.42518,X,X,X,X,X,X,194,20,4384
States,Oklahoma,2013,10,X,2.98826,X,X,X,X,X,X,140,21,4685
States,Oklahoma,2013,11,X,3.59468,X,X,X,X,X,X,127,18,3533
States,Oklahoma,2013,12,X,2.84058,X,X,X,X,X,X,98,18,3450
States,Oklahoma,2013,13,X,1.78482,X,X,X,X,X,X,71,20,3978
States,Oklahoma,2013,14,X,1.84182,X,X,X,X,X,X,68,17,3692
States,Oklahoma,2013,15,X,1.14596,X,X,X,X,X,X,38,17,3316
States,Oklahoma,2013,16,X,1.42429,X,X,X,X,X,X,57,19,4002
States,Oklahoma,2013,17,X,1.74512,X,X,X,X,X,X,76,20,4355
States,Oklahoma,2013,18,X,0.911162,X,X,X,X,X,X,24,17,2634
States,Oklahoma,2013,19,X,0.66335,X,X,X,X,X,X,16,15,2412
States,Oklahoma,2013,20,X,0.397702,X,X,X,X,X,X,9,14,2263
States,Oklahoma,2013,21,X,0.322321,X,X,X,X,X,X,4,14,1241
States,Oklahoma,2013,22,X,0,X,X,X,X,X,X,0,16,2438
States,Oklahoma,2013,23,X,0.102564,X,X,X,X,X,X,3,17,2925
States,Oklahoma,2013,24,X,0.0788644,X,X,X,X,X,X,2,13,2536
States,Oklahoma,2013,25,X,0.0800641,X,X,X,X,X,X,2,16,2498
States,Oklahoma,2013,26,X,0.0911162,X,X,X,X,X,X,2,16,2195
States,Oklahoma,2013,27,X,0.480307,X,X,X,X,X,X,10,17,2082
States,Oklahoma,2013,28,X,0.293974,X,X,X,X,X,X,6,15,2041
States,Oklahoma,2013,29,X,0.2772,X,X,X,X,X,X,4,15,1443
States,Oklahoma,2013,30,X,0.164069,X,X,X,X,X,X,4,15,2438
States,Oklahoma,2013,31,X,0.0495786,X,X,X,X,X,X,1,17,2017
States,Oklahoma,2013,32,X,0.265722,X,X,X,X,X,X,6,16,2258
States,Oklahoma,2013,33,X,0.162272,X,X,X,X,X,X,4,16,2465
States,Oklahoma,2013,34,X,1.0917,X,X,X,X,X,X,20,13,1832
States,Oklahoma,2013,35,X,0.430866,X,X,X,X,X,X,11,15,2553
States,Oklahoma,2013,36,X,1.62081,X,X,X,X,X,X,43,17,2653
States,Oklahoma,2013,37,X,1.04869,X,X,X,X,X,X,28,16,2670
States,Oklahoma,2013,38,X,0.842171,X,X,X,X,X,X,27,17,3206
States,Oklahoma,2013,39,X,1.02987,X,X,X,X,X,X,30,17,2913
States,Oklahoma,2013,40,X,2.33181,X,X,X,X,X,X,87,20,3731
States,Oklahoma,2013,41,X,1.87829,X,X,X,X,X,X,75,19,3993
States,Oklahoma,2013,42,X,2.11759,X,X,X,X,X,X,85,20,4014
States,Oklahoma,2013,43,X,2.4853,X,X,X,X,X,X,93,19,3742
States,Oklahoma,2013,44,X,2.48809,X,X,X,X,X,X,94,19,3778
States,Oklahoma,2013,45,X,3.53245,X,X,X,X,X,X,123,18,3482
States,Oklahoma,2013,46,X,3.42067,X,X,X,X,X,X,141,20,4122
States,Oklahoma,2013,47,X,3.03972,X,X,X,X,X,X,137,20,4507
States,Oklahoma,2013,48,X,2.54652,X,X,X,X,X,X,78,20,3063
States,Oklahoma,2013,49,X,4.32297,X,X,X,X,X,X,121,16,2799
States,Oklahoma,2013,50,X,4.06279,X,X,X,X,X,X,176,22,4332
States,Oklahoma,2013,51,X,4.68674,X,X,X,X,X,X,193,19,4118
States,Oklahoma,2013,52,X,7.26619,X,X,X,X,X,X,202,20,2780
States,Oklahoma,2014,1,X,6.62417,X,X,X,X,X,X,239,21,3608
States,Oklahoma,2014,2,X,6.94503,X,X,X,X,X,X,331,19,4766
States,Oklahoma,2014,3,X,7.63397,X,X,X,X,X,X,302,19,3956
States,Oklahoma,2014,4,X,7.53382,X,X,X,X,X,X,362,22,4805
States,Oklahoma,2014,5,X,8.74261,X,X,X,X,X,X,340,21,3889
States,Oklahoma,2014,6,X,8.5917,X,X,X,X,X,X,327,21,3806
States,Oklahoma,2014,7,X,3.5958,X,X,X,X,X,X,137,20,3810
States,Oklahoma,2014,8,X,5.38348,X,X,X,X,X,X,219,18,4068
States,Oklahoma,2014,9,X,3.79888,X,X,X,X,X,X,170,19,4475
States,Oklahoma,2014,10,X,3.4255,X,X,X,X,X,X,140,21,4087
States,Oklahoma,2014,11,X,3.00021,X,X,X,X,X,X,142,21,4733
States,Oklahoma,2014,12,X,2.96679,X,X,X,X,X,X,109,19,3674
States,Oklahoma,2014,13,X,2.25514,X,X,X,X,X,X,102,22,4523
States,Oklahoma,2014,14,X,2.32617,X,X,X,X,X,X,92,20,3955
States,Oklahoma,2014,15,X,2.30092,X,X,X,X,X,X,102,22,4433
States,Oklahoma,2014,16,X,1.83402,X,X,X,X,X,X,80,21,4362
States,Oklahoma,2014,17,X,1.90706,X,X,X,X,X,X,71,20,3723
States,Oklahoma,2014,18,X,1.71875,X,X,X,X,X,X,77,22,4480
States,Oklahoma,2014,19,X,1.25837,X,X,X,X,X,X,47,19,3735
States,Oklahoma,2014,20,X,2.18103,X,X,X,X,X,X,80,20,3668
States,Oklahoma,2014,21,X,0.40724,X,X,X,X,X,X,9,18,2210
States,Oklahoma,2014,22,X,0.593178,X,X,X,X,X,X,12,15,2023
States,Oklahoma,2014,23,X,0.414201,X,X,X,X,X,X,7,15,1690
States,Oklahoma,2014,24,X,0.312695,X,X,X,X,X,X,5,15,1599
States,Oklahoma,2014,25,X,0.0761325,X,X,X,X,X,X,2,17,2627
States,Oklahoma,2014,26,X,0.171527,X,X,X,X,X,X,4,15,2332
States,Oklahoma,2014,27,X,0.243072,X,X,X,X,X,X,5,15,2057
States,Oklahoma,2014,28,X,0.168634,X,X,X,X,X,X,3,15,1779
States,Oklahoma,2014,29,X,0.0563698,X,X,X,X,X,X,1,14,1774
States,Oklahoma,2014,30,X,0.202737,X,X,X,X,X,X,4,17,1973
States,Oklahoma,2014,31,X,0.110681,X,X,X,X,X,X,2,14,1807
States,Oklahoma,2014,32,X,0.756144,X,X,X,X,X,X,16,14,2116
States,Oklahoma,2014,33,X,0.646987,X,X,X,X,X,X,16,16,2473
States,Oklahoma,2014,34,X,0.191571,X,X,X,X,X,X,4,15,2088
States,Oklahoma,2014,35,X,0.611621,X,X,X,X,X,X,16,16,2616
States,Oklahoma,2014,36,X,1.11562,X,X,X,X,X,X,22,16,1972
States,Oklahoma,2014,37,X,0.694927,X,X,X,X,X,X,20,17,2878
States,Oklahoma,2014,38,X,1.46689,X,X,X,X,X,X,35,15,2386
States,Oklahoma,2014,39,X,1.00074,X,X,X,X,X,X,27,17,2698
States,Oklahoma,2014,40,X,1.85456,X,X,X,X,X,X,38,14,2049
States,Oklahoma,2014,41,X,2.47019,X,X,X,X,X,X,58,17,2348
States,Oklahoma,2014,42,X,1.36633,X,X,X,X,X,X,53,19,3879
States,Oklahoma,2014,43,X,1.07742,X,X,X,X,X,X,43,18,3991
States,Oklahoma,2014,44,X,1.40476,X,X,X,X,X,X,59,18,4200
States,Oklahoma,2014,45,X,1.38249,X,X,X,X,X,X,21,18,1519
States,Oklahoma,2014,46,X,2.13992,X,X,X,X,X,X,78,16,3645
States,Oklahoma,2014,47,X,1.13288,X,X,X,X,X,X,37,18,3266
States,Oklahoma,2014,48,X,2.17319,X,X,X,X,X,X,65,18,2991
States,Oklahoma,2014,49,X,2.54709,X,X,X,X,X,X,119,19,4672
States,Oklahoma,2014,50,X,5.70992,X,X,X,X,X,X,224,18,3923
States,Oklahoma,2014,51,X,4.44392,X,X,X,X,X,X,189,17,4253
States,Oklahoma,2014,52,X,4.94555,X,X,X,X,X,X,109,18,2204
States,Oklahoma,2014,53,X,6.69665,X,X,X,X,X,X,134,17,2001
States,Oklahoma,2015,1,X,5.88416,X,X,X,X,X,X,192,19,3263
States,Oklahoma,2015,2,X,11.0353,X,X,X,X,X,X,356,17,3226
States,Oklahoma,2015,3,X,11.3323,X,X,X,X,X,X,279,17,2462
States,Oklahoma,2015,4,X,10.5877,X,X,X,X,X,X,236,16,2229
States,Oklahoma,2015,5,X,9.63973,X,X,X,X,X,X,297,17,3081
States,Oklahoma,2015,6,X,11.4717,X,X,X,X,X,X,304,17,2650
States,Oklahoma,2015,7,X,8.99183,X,X,X,X,X,X,198,19,2202
States,Oklahoma,2015,8,X,8.48383,X,X,X,X,X,X,202,17,2381
States,Oklahoma,2015,9,X,5.82613,X,X,X,X,X,X,128,17,2197
States,Oklahoma,2015,10,X,7.09603,X,X,X,X,X,X,184,16,2593
States,Oklahoma,2015,11,X,5.73356,X,X,X,X,X,X,136,17,2372
States,Oklahoma,2015,12,X,4.25296,X,X,X,X,X,X,115,17,2704
States,Oklahoma,2015,13,X,3.24472,X,X,X,X,X,X,83,18,2558
States,Oklahoma,2015,14,X,2.7066,X,X,X,X,X,X,75,19,2771
States,Oklahoma,2015,15,X,1.67577,X,X,X,X,X,X,46,17,2745
States,Oklahoma,2015,16,X,1.30879,X,X,X,X,X,X,32,19,2445
States,Oklahoma,2015,17,X,1.23579,X,X,X,X,X,X,25,16,2023
States,Oklahoma,2015,18,X,1.98118,X,X,X,X,X,X,40,19,2019
States,Oklahoma,2015,19,X,1.00287,X,X,X,X,X,X,21,14,2094
States,Oklahoma,2015,20,X,0.432633,X,X,X,X,X,X,7,14,1618
States,Oklahoma,2015,21,X,0.862069,X,X,X,X,X,X,16,15,1856
States,Oklahoma,2015,22,X,0.56391,X,X,X,X,X,X,9,12,1596
States,Oklahoma,2015,23,X,0.21097,X,X,X,X,X,X,3,12,1422
States,Oklahoma,2015,24,X,0.47081,X,X,X,X,X,X,10,15,2124
States,Oklahoma,2015,25,X,0.363471,X,X,X,X,X,X,8,15,2201
States,Oklahoma,2015,26,X,0.562852,X,X,X,X,X,X,6,12,1066
States,Oklahoma,2015,27,X,0.488998,X,X,X,X,X,X,10,15,2045
States,Oklahoma,2015,28,X,0.47138,X,X,X,X,X,X,7,12,1485
States,Oklahoma,2015,29,X,0.399401,X,X,X,X,X,X,8,15,2003
States,Oklahoma,2015,30,X,0.520833,X,X,X,X,X,X,9,15,1728
States,Oklahoma,2015,31,X,0,X,X,X,X,X,X,0,14,1459
States,Oklahoma,2015,32,X,0.493827,X,X,X,X,X,X,10,14,2025
States,Oklahoma,2015,33,X,0.660905,X,X,X,X,X,X,13,15,1967
States,Oklahoma,2015,34,X,0.420168,X,X,X,X,X,X,9,15,2142
States,Oklahoma,2015,35,X,0.671488,X,X,X,X,X,X,13,15,1936
States,Oklahoma,2015,36,X,0.596421,X,X,X,X,X,X,9,13,1509
States,Oklahoma,2015,37,X,1.45985,X,X,X,X,X,X,36,17,2466
States,Oklahoma,2015,38,X,1.08949,X,X,X,X,X,X,28,17,2570
States,Oklahoma,2015,39,X,1.06336,X,X,X,X,X,X,24,13,2257
States,Oklahoma,2015,40,X,0.937038,X,X,X,X,X,X,57,28,6083
States,Oklahoma,2015,41,X,2.1645,X,X,X,X,X,X,130,28,6006
States,Oklahoma,2015,42,X,2.18176,X,X,X,X,X,X,133,26,6096
States,Oklahoma,2015,43,X,2.18795,X,X,X,X,X,X,122,25,5576
States,Oklahoma,2015,44,X,2.13297,X,X,X,X,X,X,111,25,5204
States,Oklahoma,2015,45,X,3.17486,X,X,X,X,X,X,199,26,6268
States,Oklahoma,2015,46,X,2.25944,X,X,X,X,X,X,143,25,6329
States,Oklahoma,2015,47,X,4.18859,X,X,X,X,X,X,199,27,4751
States,Oklahoma,2015,48,X,2.93651,X,X,X,X,X,X,185,27,6300
States,Oklahoma,2015,49,X,2.80758,X,X,X,X,X,X,157,25,5592
States,Oklahoma,2015,50,X,2.10428,X,X,X,X,X,X,113,24,5370
States,Oklahoma,2015,51,X,3.46522,X,X,X,X,X,X,141,28,4069
States,Oklahoma,2015,52,X,3.75139,X,X,X,X,X,X,169,28,4505
States,Oklahoma,2016,1,X,2.32655,X,X,X,X,X,X,112,22,4814
States,Oklahoma,2016,2,X,2.78759,X,X,X,X,X,X,150,26,5381
States,Oklahoma,2016,3,X,3.67476,X,X,X,X,X,X,221,26,6014
States,Oklahoma,2016,4,X,3.51783,X,X,X,X,X,X,218,25,6197
States,Oklahoma,2016,5,X,3.41487,X,X,X,X,X,X,215,26,6296
States,Oklahoma,2016,6,X,4.41915,X,X,X,X,X,X,264,25,5974
States,Oklahoma,2016,7,X,3.59483,X,X,X,X,X,X,214,24,5953
States,Oklahoma,2016,8,X,3.86364,X,X,X,X,X,X,238,26,6160
States,Oklahoma,2016,9,X,3.16993,X,X,X,X,X,X,183,26,5773
States,Oklahoma,2016,10,X,4.42237,X,X,X,X,X,X,276,27,6241
States,Oklahoma,2016,11,X,3.11838,X,X,X,X,X,X,162,27,5195
States,Oklahoma,2016,12,X,3.48019,X,X,X,X,X,X,188,25,5402
States,Oklahoma,2016,13,X,1.88423,X,X,X,X,X,X,97,25,5148
States,Oklahoma,2016,14,X,2.37131,X,X,X,X,X,X,123,24,5187
States,Oklahoma,2016,15,X,2.871,X,X,X,X,X,X,148,24,5155
States,Oklahoma,2016,16,X,1.57905,X,X,X,X,X,X,79,24,5003
States,Oklahoma,2016,17,X,1.71198,X,X,X,X,X,X,85,24,4965
States,Oklahoma,2016,18,X,2.1802,X,X,X,X,X,X,113,26,5183
States,Oklahoma,2016,19,X,1.17994,X,X,X,X,X,X,52,21,4407
States,Oklahoma,2016,20,X,1.5252,X,X,X,X,X,X,69,22,4524
States,Oklahoma,2016,21,X,0.392734,X,X,X,X,X,X,8,16,2037
States,Oklahoma,2016,22,X,0.556019,X,X,X,X,X,X,20,17,3597
States,Oklahoma,2016,23,X,0.587248,X,X,X,X,X,X,21,16,3576
States,Oklahoma,2016,24,X,0.44596,X,X,X,X,X,X,17,17,3812
States,Oklahoma,2016,25,X,0.127429,X,X,X,X,X,X,4,16,3139
States,Oklahoma,2016,26,X,0.135777,X,X,X,X,X,X,4,15,2946
States,Oklahoma,2016,27,X,0.541516,X,X,X,X,X,X,15,14,2770
States,Oklahoma,2016,28,X,0.446163,X,X,X,X,X,X,15,14,3362
States,Oklahoma,2016,29,X,0.392749,X,X,X,X,X,X,13,13,3310
States,Oklahoma,2016,30,X,0.344927,X,X,X,X,X,X,12,16,3479
States,Oklahoma,2016,31,X,0.0532056,X,X,X,X,X,X,2,15,3759
States,Oklahoma,2016,32,X,0.388098,X,X,X,X,X,X,12,14,3092
States,Oklahoma,2016,33,X,0.418177,X,X,X,X,X,X,15,14,3587
States,Oklahoma,2016,34,X,0.432783,X,X,X,X,X,X,16,14,3697
States,Oklahoma,2016,35,X,0.455466,X,X,X,X,X,X,18,15,3952
States,Oklahoma,2016,36,X,0.419036,X,X,X,X,X,X,14,14,3341
States,Oklahoma,2016,37,X,0.5,X,X,X,X,X,X,17,15,3400
States,Oklahoma,2016,38,X,0.493052,X,X,X,X,X,X,11,14,2231
States,Oklahoma,2016,39,X,1.23229,X,X,X,X,X,X,40,15,3246
States,Oklahoma,2016,40,X,0.738512,X,X,X,X,X,X,27,18,3656
States,Oklahoma,2016,41,X,2.26164,X,X,X,X,X,X,102,19,4510
States,Oklahoma,2016,42,X,1.19471,X,X,X,X,X,X,47,17,3934
States,Oklahoma,2016,43,X,2.9886,X,X,X,X,X,X,152,22,5086
States,Oklahoma,2016,44,X,2.46645,X,X,X,X,X,X,136,24,5514
States,Oklahoma,2016,45,X,2.4456,X,X,X,X,X,X,118,20,4825
States,Oklahoma,2016,46,X,3.37127,X,X,X,X,X,X,157,19,4657
States,Oklahoma,2016,47,X,3.04288,X,X,X,X,X,X,110,22,3615
States,Oklahoma,2016,48,X,3.21187,X,X,X,X,X,X,171,22,5324
States,Oklahoma,2016,49,X,3.42868,X,X,X,X,X,X,175,23,5104
States,Oklahoma,2016,50,X,5.09349,X,X,X,X,X,X,237,21,4653
States,Oklahoma,2016,51,X,4.39372,X,X,X,X,X,X,179,20,4074
States,Oklahoma,2016,52,X,6.1,X,X,X,X,X,X,244,21,4000
States,Oklahoma,2017,1,X,6.34468,X,X,X,X,X,X,289,21,4555
States,Oklahoma,2017,2,X,8.13977,X,X,X,X,X,X,403,19,4951
States,Oklahoma,2017,3,X,8.77725,X,X,X,X,X,X,463,19,5275
States,Oklahoma,2017,4,X,11.5014,X,X,X,X,X,X,609,20,5295
States,Oklahoma,2017,5,X,15.5039,X,X,X,X,X,X,780,17,5031
States,Oklahoma,2017,6,X,14.9247,X,X,X,X,X,X,941,22,6305
States,Oklahoma,2017,7,X,11.7363,X,X,X,X,X,X,680,19,5794
States,Oklahoma,2017,8,X,10.431,X,X,X,X,X,X,593,22,5685
States,Oklahoma,2017,9,X,9.11975,X,X,X,X,X,X,460,18,5044
States,Oklahoma,2017,10,X,6.91892,X,X,X,X,X,X,320,18,4625
States,Oklahoma,2017,11,X,6.32794,X,X,X,X,X,X,274,20,4330
States,Oklahoma,2017,12,X,6.54985,X,X,X,X,X,X,314,20,4794
States,Oklahoma,2017,13,X,4.20508,X,X,X,X,X,X,187,17,4447
States,Oklahoma,2017,14,X,4.27716,X,X,X,X,X,X,200,19,4676
States,Oklahoma,2017,15,X,2.63003,X,X,X,X,X,X,134,20,5095
States,Oklahoma,2017,16,X,1.84817,X,X,X,X,X,X,93,19,5032
States,Oklahoma,2017,17,X,1.98133,X,X,X,X,X,X,104,21,5249
States,Oklahoma,2017,18,X,1.32593,X,X,X,X,X,X,74,21,5581
States,Oklahoma,2017,19,X,1.59939,X,X,X,X,X,X,84,21,5252
States,Oklahoma,2017,20,X,1.4341,X,X,X,X,X,X,63,21,4393
States,Oklahoma,2017,21,X,0.558003,X,X,X,X,X,X,19,15,3405
States,Oklahoma,2017,22,X,0.596481,X,X,X,X,X,X,20,16,3353
States,Oklahoma,2017,23,X,0.46729,X,X,X,X,X,X,15,15,3210
States,Oklahoma,2017,24,X,0.381791,X,X,X,X,X,X,13,17,3405
States,Oklahoma,2017,25,X,0.51757,X,X,X,X,X,X,19,17,3671
States,Oklahoma,2017,26,X,0.245012,X,X,X,X,X,X,7,12,2857
States,Oklahoma,2017,27,X,0.535396,X,X,X,X,X,X,18,14,3362
States,Oklahoma,2017,28,X,0.3207,X,X,X,X,X,X,11,15,3430
States,Oklahoma,2017,29,X,0.353625,X,X,X,X,X,X,14,16,3959
States,Oklahoma,2017,30,X,0.510725,X,X,X,X,X,X,20,16,3916
States,Oklahoma,2017,31,X,0.576067,X,X,X,X,X,X,22,15,3819
States,Oklahoma,2017,32,X,0.538117,X,X,X,X,X,X,18,15,3345
States,Oklahoma,2017,33,X,0.586654,X,X,X,X,X,X,24,16,4091
States,Oklahoma,2017,34,X,0.535783,X,X,X,X,X,X,14,14,2613
States,Oklahoma,2017,35,X,0.412655,X,X,X,X,X,X,15,15,3635
States,Oklahoma,2017,36,X,0.741525,X,X,X,X,X,X,28,15,3776
States,Oklahoma,2017,37,X,0.911933,X,X,X,X,X,X,35,16,3838
States,Oklahoma,2017,38,X,0.843645,X,X,X,X,X,X,30,16,3556
States,Oklahoma,2017,39,X,0.982997,X,X,X,X,X,X,37,16,3764
States,Oklahoma,2017,40,X,1.15584,X,X,X,X,X,X,87,22,7527
States,Oklahoma,2017,41,X,1.85164,X,X,X,X,X,X,163,25,8803
States,Oklahoma,2017,42,X,1.77271,X,X,X,X,X,X,146,25,8236
States,Oklahoma,2017,43,X,1.88569,X,X,X,X,X,X,162,25,8591
States,Oklahoma,2017,44,X,2.24642,X,X,X,X,X,X,196,25,8725
States,Oklahoma,2017,45,X,2.64264,X,X,X,X,X,X,239,26,9044
States,Oklahoma,2017,46,X,2.53975,X,X,X,X,X,X,230,24,9056
States,Oklahoma,2017,47,X,2.81158,X,X,X,X,X,X,201,23,7149
States,Oklahoma,2017,48,X,2.80252,X,X,X,X,X,X,258,25,9206
States,Oklahoma,2017,49,X,3.03567,X,X,X,X,X,X,257,25,8466
States,Oklahoma,2017,50,X,4.90312,X,X,X,X,X,X,458,26,9341
States,Oklahoma,2017,51,X,6.81702,X,X,X,X,X,X,532,22,7804
States,Oklahoma,2017,52,X,8.25442,X,X,X,X,X,X,645,25,7814
States,Oklahoma,2018,1,X,8.09212,X,X,X,X,X,X,506,25,6253
States,Oklahoma,2018,2,X,8.05757,X,X,X,X,X,X,767,27,9519
States,Oklahoma,2018,3,X,9.37781,X,X,X,X,X,X,939,26,10013
States,Oklahoma,2018,4,X,11.1911,X,X,X,X,X,X,1119,24,9999
States,Oklahoma,2018,5,X,9.39801,X,X,X,X,X,X,1021,25,10864
States,Oklahoma,2018,6,X,7.6137,X,X,X,X,X,X,760,24,9982
States,Oklahoma,2018,7,X,6.21926,X,X,X,X,X,X,569,20,9149
States,Oklahoma,2018,8,X,5.27439,X,X,X,X,X,X,445,27,8437
States,Oklahoma,2018,9,X,3.7537,X,X,X,X,X,X,292,24,7779
States,Oklahoma,2018,10,X,3.09278,X,X,X,X,X,X,228,23,7372
States,Oklahoma,2018,11,X,2.37829,X,X,X,X,X,X,170,21,7148
States,Oklahoma,2018,12,X,2.52047,X,X,X,X,X,X,157,23,6229
States,Oklahoma,2018,13,X,1.59431,X,X,X,X,X,X,112,23,7025
States,Oklahoma,2018,14,X,1.4592,X,X,X,X,X,X,98,23,6716
States,Oklahoma,2018,15,X,1.21889,X,X,X,X,X,X,48,18,3938
States,Oklahoma,2018,16,X,0.913681,X,X,X,X,X,X,38,19,4159
States,Oklahoma,2018,17,X,0.803011,X,X,X,X,X,X,32,18,3985
States,Oklahoma,2018,18,X,0.901352,X,X,X,X,X,X,36,18,3994
States,Oklahoma,2018,19,X,0.558659,X,X,X,X,X,X,24,19,4296
States,Oklahoma,2018,20,X,0.465252,X,X,X,X,X,X,16,19,3439
States,Oklahoma,2018,21,X,0.611522,X,X,X,X,X,X,19,16,3107
States,Oklahoma,2018,22,X,0.282486,X,X,X,X,X,X,8,13,2832
States,Oklahoma,2018,23,X,0.331565,X,X,X,X,X,X,10,13,3016
States,Oklahoma,2018,24,X,0.578778,X,X,X,X,X,X,9,11,1555
States,Oklahoma,2018,25,0,0,X,X,X,X,X,X,0,0,0
States,Oklahoma,2018,26,X,0.204988,X,X,X,X,X,X,6,12,2927
States,Oklahoma,2018,27,X,0.308166,X,X,X,X,X,X,8,12,2596
States,Oklahoma,2018,28,X,0.356205,X,X,X,X,X,X,19,14,5334
States,Oklahoma,2018,29,X,0.338409,X,X,X,X,X,X,10,12,2955
States,Oklahoma,2018,30,X,0.252343,X,X,X,X,X,X,7,11,2774
States,Oklahoma,2018,31,X,0.321314,X,X,X,X,X,X,9,11,2801
States,Oklahoma,2018,32,X,0.576844,X,X,X,X,X,X,28,14,4854
States,Oklahoma,2018,33,X,0.72095,X,X,X,X,X,X,34,13,4716
States,Oklahoma,2018,34,X,0.925926,X,X,X,X,X,X,45,15,4860
States,Oklahoma,2018,35,X,1.05357,X,X,X,X,X,X,59,14,5600
States,Oklahoma,2018,36,X,1.00292,X,X,X,X,X,X,55,16,5484
States,Oklahoma,2018,37,X,0.901607,X,X,X,X,X,X,46,16,5102
States,Oklahoma,2018,38,0,0,X,X,X,X,X,X,0,0,0
States,Oklahoma,2018,39,X,1.93568,X,X,X,X,X,X,65,14,3358
States,Oklahoma,2018,40,X,1.66568,X,X,X,X,X,X,113,22,6784
States,Oklahoma,2018,41,X,1.86642,X,X,X,X,X,X,121,22,6483
States,Oklahoma,2018,42,X,2.07515,X,X,X,X,X,X,132,22,6361
States,Oklahoma,2018,43,X,2.47682,X,X,X,X,X,X,179,22,7227
States,Oklahoma,2018,44,X,2.66712,X,X,X,X,X,X,235,21,8811
States,Oklahoma,2018,45,X,2.58927,X,X,X,X,X,X,153,22,5909
States,Oklahoma,2018,46,X,3.67013,X,X,X,X,X,X,332,23,9046
States,Oklahoma,2018,47,X,4.05823,X,X,X,X,X,X,223,21,5495
States,Oklahoma,2018,48,X,2.7498,X,X,X,X,X,X,202,21,7346
States,Oklahoma,2018,49,X,2.92545,X,X,X,X,X,X,197,21,6734
States,Oklahoma,2018,50,X,3.13997,X,X,X,X,X,X,249,22,7930
States,Oklahoma,2018,51,X,4.08163,X,X,X,X,X,X,304,22,7448
States,Oklahoma,2018,52,X,5.4195,X,X,X,X,X,X,374,22,6901
States,Oklahoma,2019,1,X,5.13582,X,X,X,X,X,X,346,23,6737
States,Oklahoma,2019,2,X,4.4504,X,X,X,X,X,X,349,22,7842
States,Oklahoma,2019,3,X,5.12508,X,X,X,X,X,X,420,24,8195
States,Oklahoma,2019,4,X,6.27283,X,X,X,X,X,X,498,22,7939
States,Oklahoma,2019,5,X,9.60065,X,X,X,X,X,X,827,21,8614
States,Oklahoma,2019,6,X,10.2308,X,X,X,X,X,X,922,23,9012
States,Oklahoma,2019,7,X,10.4851,X,X,X,X,X,X,871,20,8307
States,Oklahoma,2019,8,X,10.4292,X,X,X,X,X,X,882,21,8457
States,Oklahoma,2019,9,X,8.84198,X,X,X,X,X,X,733,21,8290
States,Oklahoma,2019,10,X,8.39169,X,X,X,X,X,X,719,22,8568
States,Oklahoma,2019,11,X,6.7508,X,X,X,X,X,X,567,22,8399
States,Oklahoma,2019,12,X,4.80558,X,X,X,X,X,X,393,24,8178
States,Oklahoma,2019,13,X,3.45083,X,X,X,X,X,X,279,23,8085
States,Oklahoma,2019,14,X,2.96936,X,X,X,X,X,X,220,22,7409
States,Oklahoma,2019,15,X,1.94451,X,X,X,X,X,X,157,23,8074
States,Oklahoma,2019,16,X,1.81866,X,X,X,X,X,X,138,23,7588
States,Oklahoma,2019,17,X,1.46372,X,X,X,X,X,X,116,23,7925
States,Oklahoma,2019,18,X,1.11592,X,X,X,X,X,X,80,20,7169
States,Oklahoma,2019,19,X,1.02287,X,X,X,X,X,X,72,22,7039
States,Oklahoma,2019,20,X,0.991205,X,X,X,X,X,X,71,22,7163
States,Oklahoma,2019,21,X,1.21014,X,X,X,X,X,X,63,13,5206
States,Oklahoma,2019,22,X,0.663885,X,X,X,X,X,X,35,13,5272
States,Oklahoma,2019,23,X,0.495634,X,X,X,X,X,X,21,13,4237
States,Oklahoma,2019,24,X,0.873447,X,X,X,X,X,X,45,12,5152
States,Oklahoma,2019,25,X,0.555257,X,X,X,X,X,X,31,14,5583
States,Oklahoma,2019,26,X,0.322841,X,X,X,X,X,X,16,10,4956
States,Oklahoma,2019,27,X,0.424056,X,X,X,X,X,X,22,14,5188
States,Oklahoma,2019,28,X,0.361664,X,X,X,X,X,X,22,14,6083
States,Oklahoma,2019,29,X,0.380417,X,X,X,X,X,X,23,14,6046
States,Oklahoma,2019,30,X,0.312256,X,X,X,X,X,X,16,11,5124
States,Oklahoma,2019,31,X,0.4329,X,X,X,X,X,X,23,13,5313
States,Oklahoma,2019,32,X,0.367932,X,X,X,X,X,X,19,12,5164
States,Oklahoma,2019,33,X,0.470138,X,X,X,X,X,X,27,13,5743
States,Oklahoma,2019,34,X,0.459006,X,X,X,X,X,X,29,14,6318
States,Oklahoma,2019,35,X,0.645161,X,X,X,X,X,X,39,14,6045
States,Oklahoma,2019,36,X,0.618833,X,X,X,X,X,X,37,14,5979
States,Oklahoma,2019,37,X,0.773515,X,X,X,X,X,X,50,14,6464
States,Oklahoma,2019,38,X,1.18712,X,X,X,X,X,X,59,12,4970
States,Oklahoma,2019,39,X,1.22389,X,X,X,X,X,X,75,14,6128
States,Oklahoma,2019,40,X,1.35709,X,X,X,X,X,X,131,28,9653
States,Oklahoma,2019,41,X,1.6426,X,X,X,X,X,X,157,28,9558
States,Oklahoma,2019,42,X,1.9705,X,X,X,X,X,X,187,28,9490
States,Oklahoma,2019,43,X,1.96691,X,X,X,X,X,X,189,30,9609
States,Oklahoma,2019,44,X,2.42398,X,X,X,X,X,X,228,28,9406
States,Oklahoma,2019,45,X,2.69122,X,X,X,X,X,X,266,30,9884
States,Oklahoma,2019,46,X,2.93991,X,X,X,X,X,X,274,28,9320
States,Oklahoma,2019,47,X,2.9695,X,X,X,X,X,X,296,27,9968
States,Oklahoma,2019,48,X,3.80488,X,X,X,X,X,X,312,27,8200
States,Oklahoma,2019,49,X,3.64786,X,X,X,X,X,X,375,28,10280
States,Oklahoma,2019,50,X,4.12587,X,X,X,X,X,X,375,26,9089
States,Oklahoma,2019,51,X,6.50605,X,X,X,X,X,X,586,26,9007
States,Oklahoma,2019,52,X,8.59219,X,X,X,X,X,X,816,26,9497
States,Oklahoma,2020,1,X,8.70127,X,X,X,X,X,X,674,28,7746
States,Oklahoma,2020,2,X,5.9568,X,X,X,X,X,X,513,27,8612
States,Oklahoma,2020,3,X,8.62723,X,X,X,X,X,X,773,26,8960
States,Oklahoma,2020,4,X,8.96134,X,X,X,X,X,X,918,29,10244
States,Oklahoma,2020,5,X,9.44322,X,X,X,X,X,X,943,27,9986
States,Oklahoma,2020,6,X,10.2479,X,X,X,X,X,X,1013,28,9885
States,Oklahoma,2020,7,X,9.53689,X,X,X,X,X,X,972,27,10192
States,Oklahoma,2020,8,X,8.76319,X,X,X,X,X,X,880,26,10042
States,Oklahoma,2020,9,X,7.77514,X,X,X,X,X,X,787,29,10122
States,Oklahoma,2020,10,X,7.67499,X,X,X,X,X,X,784,29,10215
States,Oklahoma,2020,11,X,7.91248,X,X,X,X,X,X,669,25,8455
States,Oklahoma,2020,12,X,8.41655,X,X,X,X,X,X,590,25,7010
States,Oklahoma,2020,13,X,8.79651,X,X,X,X,X,X,383,23,4354
States,Oklahoma,2020,14,X,7.76635,X,X,X,X,X,X,234,23,3013
States,Oklahoma,2020,15,X,3.87903,X,X,X,X,X,X,118,22,3042
States,Oklahoma,2020,16,X,3.09419,X,X,X,X,X,X,91,24,2941
States,Oklahoma,2020,17,X,3.18269,X,X,X,X,X,X,100,23,3142
States,Oklahoma,2020,18,X,2.07011,X,X,X,X,X,X,75,25,3623
States,Oklahoma,2020,19,X,1.37555,X,X,X,X,X,X,53,26,3853
States,Oklahoma,2020,20,X,1.17779,X,X,X,X,X,X,42,22,3566
States,Oklahoma,2020,21,X,0.71599,X,X,X,X,X,X,30,14,4190
States,Oklahoma,2020,22,X,0.858842,X,X,X,X,X,X,39,16,4541
States,Oklahoma,2020,23,X,0.811966,X,X,X,X,X,X,38,16,4680
States,Oklahoma,2020,24,X,0.663102,X,X,X,X,X,X,31,15,4675
States,Oklahoma,2020,25,X,0.565208,X,X,X,X,X,X,27,15,4777
States,Oklahoma,2020,26,X,0.689655,X,X,X,X,X,X,27,15,3915
States,Oklahoma,2020,27,X,0.60024,X,X,X,X,X,X,30,16,4998
States,Oklahoma,2020,28,X,0.866885,X,X,X,X,X,X,45,17,5191
States,Oklahoma,2020,29,X,0.765607,X,X,X,X,X,X,39,15,5094
States,Oklahoma,2020,30,X,0.468909,X,X,X,X,X,X,23,14,4905
States,Oklahoma,2020,31,X,0.880688,X,X,X,X,X,X,42,16,4769
States,Oklahoma,2020,32,X,0.457529,X,X,X,X,X,X,23,16,5027
States,Oklahoma,2020,33,X,0.281558,X,X,X,X,X,X,12,16,4262
States,Oklahoma,2020,34,X,0.262467,X,X,X,X,X,X,9,9,3429
States,Oklahoma,2020,35,X,0.716538,X,X,X,X,X,X,25,9,3489
States,Oklahoma,2020,36,X,0.310345,X,X,X,X,X,X,9,7,2900
States,Oklahoma,2020,37,X,1.52358,X,X,X,X,X,X,63,13,4135
States,Oklahoma,2020,38,X,0.917899,X,X,X,X,X,X,36,13,3922
States,Oklahoma,2020,39,X,0.911728,X,X,X,X,X,X,44,16,4826
States,Oklahoma,2020,40,X,0.72214,X,X,X,X,X,X,44,24,6093
States,Oklahoma,2020,41,X,1.50336,X,X,X,X,X,X,56,11,3725
States,Oklahoma,2020,42,X,1.44344,X,X,X,X,X,X,104,25,7205
States,Oklahoma,2020,43,X,2.2788,X,X,X,X,X,X,128,23,5617
States,Oklahoma,2020,44,X,2.37574,X,X,X,X,X,X,141,23,5935
States,Oklahoma,2020,45,X,2.80195,X,X,X,X,X,X,190,22,6781
States,Oklahoma,2020,46,X,2.72408,X,X,X,X,X,X,155,20,5690
States,Oklahoma,2020,47,X,2.77035,X,X,X,X,X,X,145,18,5234
States,Oklahoma,2020,48,X,2.22059,X,X,X,X,X,X,121,21,5449
States,Oklahoma,2020,49,X,2.32592,X,X,X,X,X,X,159,21,6836
States,Oklahoma,2020,50,X,2.81187,X,X,X,X,X,X,181,22,6437
States,Oklahoma,2020,51,X,1.89852,X,X,X,X,X,X,110,21,5794
States,Oklahoma,2020,52,X,2.44913,X,X,X,X,X,X,130,20,5308
States,Oklahoma,2020,53,X,3.04379,X,X,X,X,X,X,171,20,5618
States,Oklahoma,2021,1,X,2.73664,X,X,X,X,X,X,170,21,6212
States,Oklahoma,2021,2,X,2.11902,X,X,X,X,X,X,120,20,5663
States,Oklahoma,2021,3,X,3.18277,X,X,X,X,X,X,198,22,6221
States,Oklahoma,2021,4,X,2.10297,X,X,X,X,X,X,116,19,5516
States,Oklahoma,2021,5,X,1.64435,X,X,X,X,X,X,97,19,5899
States,Oklahoma,2021,6,X,0.448163,X,X,X,X,X,X,15,11,3347
States,Oklahoma,2021,7,X,1.29643,X,X,X,X,X,X,52,21,4011
States,Oklahoma,2021,8,X,1.27701,X,X,X,X,X,X,78,21,6108
States,Oklahoma,2021,9,X,0.750939,X,X,X,X,X,X,48,21,6392
States,Oklahoma,2021,10,X,0.837301,X,X,X,X,X,X,51,21,6091
States,Oklahoma,2021,11,X,0.66095,X,X,X,X,X,X,37,20,5598
States,Oklahoma,2021,12,X,0.916861,X,X,X,X,X,X,59,22,6435
States,Oklahoma,2021,13,X,0.852364,X,X,X,X,X,X,53,20,6218
States,Oklahoma,2021,14,X,0.528557,X,X,X,X,X,X,36,21,6811
States,Oklahoma,2021,15,X,0.67527,X,X,X,X,X,X,45,21,6664
States,Oklahoma,2021,16,X,0.534233,X,X,X,X,X,X,38,22,7113
States,Oklahoma,2021,17,X,0.713063,X,X,X,X,X,X,50,22,7012
States,Oklahoma,2021,18,X,1.22105,X,X,X,X,X,X,29,10,2375
States,Oklahoma,2021,19,X,0.571157,X,X,X,X,X,X,36,21,6303
States,Oklahoma,2021,20,X,0.866261,X,X,X,X,X,X,57,21,6580
States,Oklahoma,2021,21,X,0.641424,X,X,X,X,X,X,31,14,4833
States,Oklahoma,2021,22,X,0.303951,X,X,X,X,X,X,11,12,3619
States,Oklahoma,2021,23,X,0.635001,X,X,X,X,X,X,25,13,3937
States,Oklahoma,2021,24,X,0.270869,X,X,X,X,X,X,11,13,4061
States,Oklahoma,2021,25,X,0.308642,X,X,X,X,X,X,12,12,3888
States,Oklahoma,2021,26,X,0.126302,X,X,X,X,X,X,4,12,3167
States,Oklahoma,2021,27,X,0.525855,X,X,X,X,X,X,24,13,4564
States,Oklahoma,2021,28,X,1.05023,X,X,X,X,X,X,46,13,4380
States,Oklahoma,2021,29,X,1.7899,X,X,X,X,X,X,84,14,4693
States,Oklahoma,2021,30,X,1.54062,X,X,X,X,X,X,66,12,4284
States,Oklahoma,2021,31,X,1.31749,X,X,X,X,X,X,61,14,4630
States,Oklahoma,2021,32,X,1.27761,X,X,X,X,X,X,59,14,4618
States,Oklahoma,2021,33,X,1.7199,X,X,X,X,X,X,77,12,4477
States,Oklahoma,2021,34,X,1.74749,X,X,X,X,X,X,80,12,4578
States,Oklahoma,2021,35,X,1.56906,X,X,X,X,X,X,71,14,4525
States,Oklahoma,2021,36,X,1.41335,X,X,X,X,X,X,61,13,4316
States,Oklahoma,2021,37,X,1.24827,X,X,X,X,X,X,54,14,4326
States,Oklahoma,2021,38,X,0.923154,X,X,X,X,X,X,37,12,4008
States,Oklahoma,2021,39,X,0.883869,X,X,X,X,X,X,36,12,4073
States,Oklahoma,2021,40,X,1.0532,X,X,X,X,X,X,98,21,9305
States,Oklahoma,2021,41,X,1.71585,X,X,X,X,X,X,157,21,9150
States,Oklahoma,2021,42,X,1.27959,X,X,X,X,X,X,120,23,9378
States,Oklahoma,2021,43,X,1.03934,X,X,X,X,X,X,93,21,8948
States,Oklahoma,2021,44,X,1.47589,X,X,X,X,X,X,135,22,9147
States,Oklahoma,2021,45,X,1.62584,X,X,X,X,X,X,300,22,18452
States,Oklahoma,2021,46,X,1.89817,X,X,X,X,X,X,192,23,10115
States,Oklahoma,2021,47,X,1.63095,X,X,X,X,X,X,156,21,9565
States,Oklahoma,2021,48,X,1.80039,X,X,X,X,X,X,184,22,10220
States,Oklahoma,2021,49,X,1.81798,X,X,X,X,X,X,328,22,18042
States,Oklahoma,2021,50,X,3.18911,X,X,X,X,X,X,314,22,9846
States,Oklahoma,2021,51,X,4.15864,X,X,X,X,X,X,410,23,9859
States,Oklahoma,2021,52,X,3.88376,X,X,X,X,X,X,842,21,21680
States,Oklahoma,2022,1,X,5.04388,X,X,X,X,X,X,546,20,10825
States,Oklahoma,2022,2,X,2.07196,X,X,X,X,X,X,334,18,16120
States,Oklahoma,2022,3,X,4.36976,X,X,X,X,X,X,433,20,9909
States,Oklahoma,2022,4,X,3.29064,X,X,X,X,X,X,298,19,9056
States,Oklahoma,2022,5,X,2.70625,X,X,X,X,X,X,206,20,7612
States,Oklahoma,2022,6,X,2.45343,X,X,X,X,X,X,216,20,8804
States,Oklahoma,2022,7,X,2.87376,X,X,X,X,X,X,247,20,8595
States,Oklahoma,2022,8,X,1.85401,X,X,X,X,X,X,223,14,12028
States,Oklahoma,2022,9,X,3.85509,X,X,X,X,X,X,332,20,8612
States,Oklahoma,2022,10,X,3.38164,X,X,X,X,X,X,329,20,9729
States,Oklahoma,2022,11,X,3.39139,X,X,X,X,X,X,662,22,19520
States,Oklahoma,2022,12,X,3.03334,X,X,X,X,X,X,303,23,9989
States,Oklahoma,2022,13,X,2.86309,X,X,X,X,X,X,275,21,9605
States,Oklahoma,2022,14,X,3.1789,X,X,X,X,X,X,317,22,9972
States,Oklahoma,2022,15,X,2.9877,X,X,X,X,X,X,578,20,19346
States,Oklahoma,2022,16,X,0.956626,X,X,X,X,X,X,176,23,18398
States,Oklahoma,2022,17,X,2.34936,X,X,X,X,X,X,478,23,20346
States,Oklahoma,2022,18,X,2.3048,X,X,X,X,X,X,227,23,9849
States,Oklahoma,2022,19,X,2.23202,X,X,X,X,X,X,476,22,21326
States,Oklahoma,2022,20,X,1.68163,X,X,X,X,X,X,354,20,21051
States,Oklahoma,2022,21,X,0.570967,X,X,X,X,X,X,99,17,17339
States,Oklahoma,2022,22,X,0.434323,X,X,X,X,X,X,74,18,17038
States,Oklahoma,2022,23,X,0.622785,X,X,X,X,X,X,58,20,9313
States,Oklahoma,2022,24,X,1.86482,X,X,X,X,X,X,205,23,10993
States,Oklahoma,2022,25,X,1.40326,X,X,X,X,X,X,491,33,34990
States,Oklahoma,2022,26,X,1.12767,X,X,X,X,X,X,196,33,17381
States,Oklahoma,2022,27,X,1.0355,X,X,X,X,X,X,189,34,18252
States,Oklahoma,2022,28,X,0.722749,X,X,X,X,X,X,122,31,16880
States,Oklahoma,2022,29,X,0.809102,X,X,X,X,X,X,128,29,15820
States,Oklahoma,2022,30,X,0.510758,X,X,X,X,X,X,80,30,15663
States,Oklahoma,2022,31,X,0.652726,X,X,X,X,X,X,108,34,16546
States,Oklahoma,2022,32,X,0.631048,X,X,X,X,X,X,105,34,16639
States,Oklahoma,2022,33,X,0.798659,X,X,X,X,X,X,162,29,20284
States,Oklahoma,2022,34,X,0.592692,X,X,X,X,X,X,97,29,16366
States,Oklahoma,2022,35,X,0.757182,X,X,X,X,X,X,131,30,17301
States,Oklahoma,2022,36,X,0.825202,X,X,X,X,X,X,137,33,16602
States,Oklahoma,2022,37,X,0.765215,X,X,X,X,X,X,129,33,16858
States,Oklahoma,2022,38,X,0.646853,X,X,X,X,X,X,111,32,17160
States,Oklahoma,2022,39,X,1.7466,X,X,X,X,X,X,295,33,16890
States,Oklahoma,2022,40,X,1.63209,X,X,X,X,X,X,284,32,17401
States,Oklahoma,2022,41,X,1.64811,X,X,X,X,X,X,299,34,18142
States,Oklahoma,2022,42,X,1.85378,X,X,X,X,X,X,321,30,17316
States,Oklahoma,2022,43,X,2.44167,X,X,X,X,X,X,428,29,17529
States,Oklahoma,2022,44,X,3.09873,X,X,X,X,X,X,564,30,18201
States,Oklahoma,2022,45,X,3.21365,X,X,X,X,X,X,580,31,18048
States,Oklahoma,2022,46,X,5.10501,X,X,X,X,X,X,931,31,18237
States,Oklahoma,2022,47,X,6.66363,X,X,X,X,X,X,1315,33,19734
States,Oklahoma,2022,48,X,8.08012,X,X,X,X,X,X,1662,32,20569
States,Oklahoma,2022,49,X,9.22488,X,X,X,X,X,X,1953,32,21171
States,Oklahoma,2022,50,X,8.26637,X,X,X,X,X,X,1646,33,19912
States,Oklahoma,2022,51,X,7.40073,X,X,X,X,X,X,1232,30,16647
States,Oklahoma,2022,52,X,5.75575,X,X,X,X,X,X,1297,29,22534
States,Oklahoma,2023,1,X,4.48306,X,X,X,X,X,X,823,32,18358
States,Oklahoma,2023,2,X,3.57908,X,X,X,X,X,X,635,33,17742
States,Oklahoma,2023,3,X,3.52933,X,X,X,X,X,X,500,33,14167
States,Oklahoma,2023,4,X,5.70555,X,X,X,X,X,X,448,34,7852
States,Oklahoma,2023,5,X,2.334,X,X,X,X,X,X,361,33,15467
States,Oklahoma,2023,6,X,2.00711,X,X,X,X,X,X,350,33,17438
States,Oklahoma,2023,7,X,2.14294,X,X,X,X,X,X,376,33,17546
States,Oklahoma,2023,8,X,1.82075,X,X,X,X,X,X,322,35,17685
States,Oklahoma,2023,9,X,2.34915,X,X,X,X,X,X,408,35,17368
States,Oklahoma,2023,10,X,2.13492,X,X,X,X,X,X,369,35,17284
States,Oklahoma,2023,11,X,2.07518,X,X,X,X,X,X,350,35,16866
States,Oklahoma,2023,12,X,2.37726,X,X,X,X,X,X,399,34,16784
States,Oklahoma,2023,13,X,2.16807,X,X,X,X,X,X,387,35,17850
States,Oklahoma,2023,14,X,2.12378,X,X,X,X,X,X,373,35,17563
States,Oklahoma,2023,15,X,1.95702,X,X,X,X,X,X,367,35,18753
States,Oklahoma,2023,16,X,1.63458,X,X,X,X,X,X,281,34,17191
States,Oklahoma,2023,17,X,1.47849,X,X,X,X,X,X,253,35,17112
States,Oklahoma,2023,18,X,1.41098,X,X,X,X,X,X,228,34,16159
States,Oklahoma,2023,19,X,1.24711,X,X,X,X,X,X,221,35,17721
States,Oklahoma,2023,20,X,0.994007,X,X,X,X,X,X,209,35,21026
States,Oklahoma,2023,21,X,0.874665,X,X,X,X,X,X,176,33,20122
States,Oklahoma,2023,22,X,0.768279,X,X,X,X,X,X,149,34,19394
States,Oklahoma,2023,23,X,0.423513,X,X,X,X,X,X,75,30,17709
States,Oklahoma,2023,24,X,0.622921,X,X,X,X,X,X,88,32,14127
States,Oklahoma,2023,25,X,0.357309,X,X,X,X,X,X,69,30,19311
States,Oklahoma,2023,26,X,0.328947,X,X,X,X,X,X,58,30,17632
States,Oklahoma,2023,27,X,0.37631,X,X,X,X,X,X,65,31,17273
States,Oklahoma,2023,28,X,0.454671,X,X,X,X,X,X,82,31,18035
States,Oklahoma,2023,29,X,0.398661,X,X,X,X,X,X,75,30,18813
States,Oklahoma,2023,30,X,0.485204,X,X,X,X,X,X,91,30,18755
States,Oklahoma,2023,31,X,0.424831,X,X,X,X,X,X,80,30,18831
States,Oklahoma,2023,32,X,0.783476,X,X,X,X,X,X,143,30,18252
States,Oklahoma,2023,33,X,0.503532,X,X,X,X,X,X,72,27,14299
States,Oklahoma,2023,34,X,0.60547,X,X,X,X,X,X,118,29,19489
States,Oklahoma,2023,35,X,1.22529,X,X,X,X,X,X,132,28,10773
States,Oklahoma,2023,36,X,1.19432,X,X,X,X,X,X,159,22,13313
States,Oklahoma,2023,37,X,1.35946,X,X,X,X,X,X,213,31,15668
States,Oklahoma,2023,38,X,1.23395,X,X,X,X,X,X,245,31,19855
States,Oklahoma,2023,39,X,1.64983,X,X,X,X,X,X,245,31,14850
States,Oklahoma,2023,40,X,0.895349,X,X,X,X,X,X,170,31,18987
States,Oklahoma,2023,41,X,0.870059,X,X,X,X,X,X,199,32,22872
States,Oklahoma,2023,42,X,1.24307,X,X,X,X,X,X,278,37,22364
States,Oklahoma,2023,43,X,1.42973,X,X,X,X,X,X,334,39,23361
States,Oklahoma,2023,44,X,1.89493,X,X,X,X,X,X,325,36,17151
States,Oklahoma,2023,45,X,1.7795,X,X,X,X,X,X,373,35,20961
States,Oklahoma,2023,46,X,1.29476,X,X,X,X,X,X,252,26,19463
States,Oklahoma,2023,47,X,1.99925,X,X,X,X,X,X,425,39,21258
States,Oklahoma,2023,48,X,2.62923,X,X,X,X,X,X,472,36,17952
States,Oklahoma,2023,49,X,2.55809,X,X,X,X,X,X,556,36,21735
States,Oklahoma,2023,50,X,2.83284,X,X,X,X,X,X,616,37,21745
States,Oklahoma,2023,51,X,2.14716,X,X,X,X,X,X,424,31,19747
States,Oklahoma,2023,52,X,2.58616,X,X,X,X,X,X,487,31,18831
States,Oklahoma,2024,1,X,3.64639,X,X,X,X,X,X,787,36,21583
States,Oklahoma,2024,2,X,2.39081,X,X,X,X,X,X,335,30,14012
States,Oklahoma,2024,3,X,2.14355,X,X,X,X,X,X,399,35,18614
States,Oklahoma,2024,4,X,3.78014,X,X,X,X,X,X,914,45,24179
States,Oklahoma,2024,5,X,5.49786,X,X,X,X,X,X,1440,41,26192
States,Oklahoma,2024,6,X,5.87012,X,X,X,X,X,X,1439,44,24514
States,Oklahoma,2024,7,X,5.61776,X,X,X,X,X,X,1184,41,21076
States,Oklahoma,2024,8,X,4.8904,X,X,X,X,X,X,1111,43,22718
States,Oklahoma,2024,9,X,4.17067,X,X,X,X,X,X,1041,42,24960
States,Oklahoma,2024,10,X,4.42918,X,X,X,X,X,X,1051,44,23729
States,Oklahoma,2024,11,X,3.23574,X,X,X,X,X,X,788,43,24353
States,Oklahoma,2024,12,X,2.67837,X,X,X,X,X,X,580,42,21655
States,Oklahoma,2024,13,X,2.15625,X,X,X,X,X,X,605,47,28058
